Iter, Time, Residual(RHO), CL, CD
      1,    0.00814312,  1.14773832e+00,   -0.0000000000,    0.0000000000
      2,    0.01221468,  8.31878874e-01,    0.0173028109,    0.0058332248
      3,    0.01619804,  7.29649031e-01,    0.0271496622,    0.0090365241
      4,    0.02016529,  6.65970794e-01,    0.0340091025,    0.0112968305
      5,    0.02413207,  6.18456512e-01,    0.0392469584,    0.0130507425
      6,    0.02809174,  5.79961364e-01,    0.0434535524,    0.0144660190
      7,    0.03204155,  5.47571670e-01,    0.0469270435,    0.0156399404
      8,    0.03598151,  5.19811633e-01,    0.0498547774,    0.0166346689
      9,    0.03991253,  4.95982586e-01,    0.0523681648,    0.0174907256
     10,    0.04383564,  4.75389197e-01,    0.0545570442,    0.0182355553
     11,    0.04775173,  4.57432689e-01,    0.0564832491,    0.0188890914
     12,    0.05166151,  4.41634353e-01,    0.0581910225,    0.0194663445
     13,    0.05556517,  4.27601338e-01,    0.0597140175,    0.0199785788
     14,    0.05946250,  4.15042579e-01,    0.0610781022,    0.0204344959
     15,    0.06335438,  4.03717805e-01,    0.0623043651,    0.0208411445
     16,    0.06724113,  3.93423419e-01,    0.0634108634,    0.0212046172
     17,    0.07112304,  3.84008389e-01,    0.0644131490,    0.0215302678
     18,    0.07500037,  3.75334418e-01,    0.0653246463,    0.0218228108
     19,    0.07887343,  3.67298032e-01,    0.0661569210,    0.0220863651
     20,    0.08274249,  3.59810659e-01,    0.0669198623,    0.0223244867
     21,    0.08660784,  3.52819026e-01,    0.0676215666,    0.0225401931
     22,    0.09046973,  3.46261238e-01,    0.0682690078,    0.0227360692
     23,    0.09432842,  3.40083991e-01,    0.0688677712,    0.0229142483
     24,    0.09818415,  3.34264507e-01,    0.0694225319,    0.0230765689
     25,    0.10203712,  3.28769998e-01,    0.0699372363,    0.0232246313
     26,    0.10588750,  3.23546036e-01,    0.0704152387,    0.0233598333
     27,    0.10973547,  3.18561288e-01,    0.0708594575,    0.0234834093
     28,    0.11358116,  3.13798332e-01,    0.0712725114,    0.0235964648
     29,    0.11742470,  3.09253283e-01,    0.0716568142,    0.0237000020
     30,    0.12126622,  3.04877455e-01,    0.0720146184,    0.0237949335
     31,    0.12510583,  3.00653089e-01,    0.0723480284,    0.0238820893
     32,    0.12894364,  2.96568072e-01,    0.0726589971,    0.0239622211
     33,    0.13277975,  2.92613548e-01,    0.0729493365,    0.0240360108
     34,    0.13661426,  2.88782196e-01,    0.0732207129,    0.0241040749
     35,    0.14044727,  2.85068023e-01,    0.0734746432,    0.0241669678
     36,    0.14427887,  2.81466020e-01,    0.0737124974,    0.0242251865
     37,    0.14810916,  2.77965401e-01,    0.0739355079,    0.0242791763
     38,    0.15193823,  2.74568469e-01,    0.0741447838,    0.0243293375
     39,    0.15576616,  2.71272587e-01,    0.0743413238,    0.0243760306
     40,    0.15959306,  2.68074411e-01,    0.0745259881,    0.0244195700
     41,    0.16341901,  2.64966037e-01,    0.0746995667,    0.0244602451
     42,    0.16724410,  2.61948566e-01,    0.0748627767,    0.0244983209
     43,    0.17106844,  2.59020854e-01,    0.0750162649,    0.0245340393
     44,    0.17489213,  2.56178721e-01,    0.0751606145,    0.0245676233
     45,    0.17871527,  2.53419625e-01,    0.0752963530,    0.0245992790
     46,    0.18253796,  2.50738961e-01,    0.0754239600,    0.0246291999
     47,    0.18636033,  2.48133176e-01,    0.0755438791,    0.0246575705
     48,    0.19018249,  2.45599134e-01,    0.0756565288,    0.0246845703
     49,    0.19400457,  2.43133916e-01,    0.0757623149,    0.0247103768
     50,    0.19782669,  2.40740485e-01,    0.0758616396,    0.0247351685
     51,    0.20164900,  2.38410859e-01,    0.0759549097,    0.0247591258
     52,    0.20547163,  2.36140701e-01,    0.0760425401,    0.0247824310
     53,    0.20929470,  2.33920132e-01,    0.0761249554,    0.0248052672
     54,    0.21311834,  2.31751846e-01,    0.0762025875,    0.0248278154
     55,    0.21694268,  2.29635181e-01,    0.0762758711,    0.0248502516
     56,    0.22076782,  2.27567875e-01,    0.0763452347,    0.0248727420
     57,    0.22459387,  2.25547430e-01,    0.0764110919,    0.0248954393
     58,    0.22842092,  2.23572904e-01,    0.0764738317,    0.0249184782
     59,    0.23224903,  2.21642661e-01,    0.0765338112,    0.0249419725
     60,    0.23607829,  2.19755140e-01,    0.0765913477,    0.0249660125
     61,    0.23990872,  2.17908808e-01,    0.0766467143,    0.0249906638
     62,    0.24374038,  2.16102327e-01,    0.0767001375,    0.0250159664
     63,    0.24757327,  2.14334771e-01,    0.0767517965,    0.0250419363
     64,    0.25140743,  2.12604823e-01,    0.0768018292,    0.0250685657
     65,    0.25524285,  2.10911152e-01,    0.0768503381,    0.0250958257
     66,    0.25907952,  2.09252519e-01,    0.0768973816,    0.0251236706
     67,    0.26291744,  2.07627767e-01,    0.0769429857,    0.0251520397
     68,    0.26675658,  2.06035983e-01,    0.0769871503,    0.0251808613
     69,    0.27059694,  2.04475699e-01,    0.0770298548,    0.0252100553
     70,    0.27443847,  2.02945750e-01,    0.0770710654,    0.0252395360
     71,    0.27828117,  2.01445004e-01,    0.0771107396,    0.0252692148
     72,    0.28212500,  1.99972387e-01,    0.0771488308,    0.0252990023
     73,    0.28596993,  1.98526884e-01,    0.0771852917,    0.0253288099
     74,    0.28981594,  1.97107541e-01,    0.0772200766,    0.0253585517
     75,    0.29366300,  1.95713469e-01,    0.0772531431,    0.0253881451
     76,    0.29751108,  1.94343843e-01,    0.0772844533,    0.0254175115
     77,    0.30136016,  1.92997907e-01,    0.0773139739,    0.0254465771
     78,    0.30521022,  1.91674959e-01,    0.0773416770,    0.0254752730
     79,    0.30906123,  1.90374360e-01,    0.0773675393,    0.0255035350
     80,    0.31291318,  1.89095530e-01,    0.0773915423,    0.0255313036
     81,    0.31676604,  1.87837943e-01,    0.0774136713,    0.0255585242
     82,    0.32061979,  1.86601124e-01,    0.0774339156,    0.0255851464
     83,    0.32447443,  1.85384652e-01,    0.0774522675,    0.0256111242
     84,    0.32832993,  1.84184554e-01,    0.0774687231,    0.0256364154
     85,    0.33218628,  1.83004042e-01,    0.0774832814,    0.0256609819
     86,    0.33604346,  1.81842902e-01,    0.0774959454,    0.0256847892
     87,    0.33990146,  1.80700872e-01,    0.0775067219,    0.0257078065
     88,    0.34376028,  1.79577726e-01,    0.0775156226,    0.0257300067
     89,    0.34761989,  1.78473265e-01,    0.0775226648,    0.0257513664
     90,    0.35148028,  1.77387309e-01,    0.0775278719,    0.0257718656
     91,    0.35534145,  1.76319687e-01,    0.0775312751,    0.0257914885
     92,    0.35920338,  1.75270235e-01,    0.0775329134,    0.0258102228
     93,    0.36306607,  1.74238782e-01,    0.0775328352,    0.0258280601
     94,    0.36692949,  1.73225141e-01,    0.0775310985,    0.0258449959
     95,    0.37079365,  1.72229134e-01,    0.0775277718,    0.0258610295
     96,    0.37465852,  1.71250522e-01,    0.0775229339,    0.0258761641
     97,    0.37852411,  1.70289054e-01,    0.0775166747,    0.0258904064
     98,    0.38239039,  1.69344449e-01,    0.0775090941,    0.0259037668
     99,    0.38625736,  1.68416396e-01,    0.0775003021,    0.0259162591
    100,    0.39012501,  1.67504548e-01,    0.0774904177,    0.0259279001
    101,    0.39399332,  1.66608511e-01,    0.0774795677,    0.0259387096
    102,    0.39786229,  1.65727730e-01,    0.0774678858,    0.0259487098
    103,    0.40173190,  1.64861794e-01,    0.0774555111,    0.0259579254
    104,    0.40560214,  1.64010819e-01,    0.0774425862,    0.0259663827
    105,    0.40947300,  1.63173865e-01,    0.0774292557,    0.0259741100
    106,    0.41334447,  1.62350410e-01,    0.0774156645,    0.0259811364
    107,    0.41721653,  1.61539987e-01,    0.0774019559,    0.0259874921
    108,    0.42108917,  1.60742122e-01,    0.0773882703,    0.0259932080
    109,    0.42496239,  1.59956345e-01,    0.0773747432,    0.0259983152
    110,    0.42883615,  1.59182188e-01,    0.0773615041,    0.0260028447
    111,    0.43271047,  1.58419199e-01,    0.0773486753,    0.0260068274
    112,    0.43658531,  1.57666937e-01,    0.0773363707,    0.0260102939
    113,    0.44046067,  1.56924985e-01,    0.0773246950,    0.0260132740
    114,    0.44433653,  1.56192945e-01,    0.0773137432,    0.0260157969
    115,    0.44821287,  1.55470447e-01,    0.0773036000,    0.0260178907
    116,    0.45208969,  1.54757147e-01,    0.0772943396,    0.0260195828
    117,    0.45596698,  1.54052727e-01,    0.0772860255,    0.0260208992
    118,    0.45984470,  1.53356883e-01,    0.0772787112,    0.0260218652
    119,    0.46372286,  1.52669326e-01,    0.0772724397,    0.0260225046
    120,    0.46760144,  1.51989837e-01,    0.0772672443,    0.0260228402
    121,    0.47148042,  1.51318228e-01,    0.0772631490,    0.0260228937
    122,    0.47535978,  1.50654314e-01,    0.0772601693,    0.0260226855
    123,    0.47923953,  1.49997930e-01,    0.0772583124,    0.0260222350
    124,    0.48311963,  1.49348926e-01,    0.0772575784,    0.0260215605
    125,    0.48700008,  1.48707169e-01,    0.0772579607,    0.0260206792
    126,    0.49088086,  1.48072534e-01,    0.0772594466,    0.0260196074
    127,    0.49476196,  1.47444905e-01,    0.0772620186,    0.0260183604
    128,    0.49864336,  1.46824170e-01,    0.0772656543,    0.0260169526
    129,    0.50252506,  1.46210220e-01,    0.0772703279,    0.0260153975
    130,    0.50640704,  1.45602944e-01,    0.0772760102,    0.0260137079
    131,    0.51028928,  1.45002232e-01,    0.0772826696,    0.0260118956
    132,    0.51417178,  1.44408001e-01,    0.0772902724,    0.0260099720
    133,    0.51805452,  1.43820110e-01,    0.0772987835,    0.0260079477
    134,    0.52193749,  1.43237784e-01,    0.0773081666,    0.0260058327
    135,    0.52582068,  1.42660743e-01,    0.0773183849,    0.0260036363
    136,    0.52970407,  1.42089454e-01,    0.0773294013,    0.0260013674
    137,    0.53358766,  1.41523777e-01,    0.0773411788,    0.0259990344
    138,    0.53747144,  1.40963561e-01,    0.0773536805,    0.0259966451
    139,    0.54135539,  1.40408647e-01,    0.0773668701,    0.0259942070
    140,    0.54523951,  1.39858852e-01,    0.0773807120,    0.0259917269
    141,    0.54912378,  1.39314168e-01,    0.0773951714,    0.0259892117
    142,    0.55300820,  1.38774437e-01,    0.0774102146,    0.0259866674
    143,    0.55689276,  1.38239280e-01,    0.0774258086,    0.0259840999
    144,    0.56077745,  1.37708478e-01,    0.0774419218,    0.0259815149
    145,    0.56466226,  1.37181808e-01,    0.0774585235,    0.0259789174
    146,    0.56854718,  1.36659045e-01,    0.0774755844,    0.0259763124
    147,    0.57243221,  1.36139960e-01,    0.0774930761,    0.0259737045
    148,    0.57631734,  1.35624321e-01,    0.0775109715,    0.0259710981
    149,    0.58020257,  1.35111895e-01,    0.0775292446,    0.0259684973
    150,    0.58408788,  1.34601153e-01,    0.0775478705,    0.0259659058
    151,    0.58797327,  1.34091328e-01,    0.0775668255,    0.0259633273
    152,    0.59185873,  1.33583793e-01,    0.0775860868,    0.0259607651
    153,    0.59574427,  1.33078573e-01,    0.0776056325,    0.0259582224
    154,    0.59962987,  1.32575424e-01,    0.0776254420,    0.0259557020
    155,    0.60351553,  1.32073888e-01,    0.0776454951,    0.0259532067
    156,    0.60740125,  1.31573899e-01,    0.0776657729,    0.0259507391
    157,    0.61128702,  1.31075257e-01,    0.0776862570,    0.0259483013
    158,    0.61517284,  1.30577742e-01,    0.0777069300,    0.0259458957
    159,    0.61905870,  1.30081143e-01,    0.0777277749,    0.0259435241
    160,    0.62294460,  1.29585258e-01,    0.0777487756,    0.0259411885
    161,    0.62683054,  1.29089895e-01,    0.0777699164,    0.0259388903
    162,    0.63071651,  1.28594872e-01,    0.0777911824,    0.0259366312
    163,    0.63460251,  1.28100024e-01,    0.0778125591,    0.0259344126
    164,    0.63848855,  1.27605196e-01,    0.0778340324,    0.0259322355
    165,    0.64237461,  1.27110248e-01,    0.0778555887,    0.0259301012
    166,    0.64626069,  1.26614990e-01,    0.0778772150,    0.0259280105
    167,    0.65014680,  1.26118864e-01,    0.0778988983,    0.0259259644
    168,    0.65403293,  1.25622319e-01,    0.0779206263,    0.0259239636
    169,    0.65791907,  1.25125273e-01,    0.0779423868,    0.0259220086
    170,    0.66180524,  1.24627663e-01,    0.0779641680,    0.0259201001
    171,    0.66569142,  1.24129444e-01,    0.0779859583,    0.0259182384
    172,    0.66957761,  1.23630587e-01,    0.0780077464,    0.0259164239
    173,    0.67346382,  1.23131080e-01,    0.0780295212,    0.0259146568
    174,    0.67735004,  1.22630928e-01,    0.0780512718,    0.0259129373
    175,    0.68123626,  1.22130150e-01,    0.0780729876,    0.0259112655
    176,    0.68512250,  1.21628779e-01,    0.0780946581,    0.0259096414
    177,    0.68900875,  1.21126863e-01,    0.0781162730,    0.0259080649
    178,    0.69289501,  1.20624459e-01,    0.0781378222,    0.0259065359
    179,    0.69678127,  1.20121639e-01,    0.0781592956,    0.0259050542
    180,    0.70066754,  1.19618482e-01,    0.0781806836,    0.0259036196
    181,    0.70455381,  1.19115080e-01,    0.0782019764,    0.0259022318
    182,    0.70844009,  1.18611529e-01,    0.0782231647,    0.0259008904
    183,    0.71232638,  1.18107930e-01,    0.0782442389,    0.0258995950
    184,    0.71621267,  1.17604390e-01,    0.0782651901,    0.0258983451
    185,    0.72009896,  1.17101023e-01,    0.0782860092,    0.0258971404
    186,    0.72398526,  1.16597945e-01,    0.0783066874,    0.0258959802
    187,    0.72787156,  1.16095275e-01,    0.0783272160,    0.0258948640
    188,    0.73175786,  1.15593134e-01,    0.0783475866,    0.0258937912
    189,    0.73564416,  1.15091643e-01,    0.0783677908,    0.0258927612
    190,    0.73953047,  1.14590924e-01,    0.0783878206,    0.0258917733
    191,    0.74341678,  1.14090778e-01,    0.0784076681,    0.0258908267
    192,    0.74730309,  1.13591552e-01,    0.0784273254,    0.0258899209
    193,    0.75118941,  1.13093420e-01,    0.0784467853,    0.0258890550
    194,    0.75507572,  1.12596495e-01,    0.0784660403,    0.0258882284
    195,    0.75896204,  1.12100887e-01,    0.0784850835,    0.0258874401
    196,    0.76284835,  1.11606699e-01,    0.0785039081,    0.0258866895
    197,    0.76673467,  1.11114040e-01,    0.0785225074,    0.0258859757
    198,    0.77062099,  1.10623080e-01,    0.0785408753,    0.0258852979
    199,    0.77450731,  1.10133793e-01,    0.0785590056,    0.0258846553
    200,    0.77839363,  1.09646249e-01,    0.0785768926,    0.0258840469
    201,    0.78227995,  1.09160533e-01,    0.0785945308,    0.0258834720
    202,    0.78616627,  1.08676714e-01,    0.0786119149,    0.0258829297
    203,    0.79005260,  1.08194843e-01,    0.0786290400,    0.0258824190
    204,    0.79393892,  1.07714970e-01,    0.0786459015,    0.0258819392
    205,    0.79782524,  1.07237129e-01,    0.0786624950,    0.0258814893
    206,    0.80171157,  1.06761352e-01,    0.0786788165,    0.0258810685
    207,    0.80559789,  1.06287652e-01,    0.0786948623,    0.0258806759
    208,    0.80948421,  1.05816000e-01,    0.0787106288,    0.0258803105
    209,    0.81337054,  1.05346366e-01,    0.0787261130,    0.0258799715
    210,    0.81725686,  1.04878795e-01,    0.0787413120,    0.0258796580
    211,    0.82114319,  1.04413371e-01,    0.0787562234,    0.0258793691
    212,    0.82502951,  1.03949996e-01,    0.0787708450,    0.0258791039
    213,    0.82891584,  1.03488647e-01,    0.0787851749,    0.0258788616
    214,    0.83280216,  1.03029297e-01,    0.0787992115,    0.0258786413
    215,    0.83668849,  1.02571915e-01,    0.0788129535,    0.0258784422
    216,    0.84057481,  1.02116464e-01,    0.0788264001,    0.0258782633
    217,    0.84446114,  1.01662906e-01,    0.0788395506,    0.0258781038
    218,    0.84834747,  1.01211250e-01,    0.0788524046,    0.0258779629
    219,    0.85223379,  1.00761568e-01,    0.0788649622,    0.0258778397
    220,    0.85612012,  1.00313677e-01,    0.0788772235,    0.0258777336
    221,    0.86000644,  9.98675101e-02,    0.0788891891,    0.0258776435
    222,    0.86389277,  9.94230196e-02,    0.0789008598,    0.0258775688
    223,    0.86777910,  9.89801607e-02,    0.0789122368,    0.0258775086
    224,    0.87166542,  9.85388761e-02,    0.0789233213,    0.0258774623
    225,    0.87555175,  9.80991631e-02,    0.0789341151,    0.0258774290
    226,    0.87943807,  9.76610301e-02,    0.0789446200,    0.0258774080
    227,    0.88332440,  9.72244292e-02,    0.0789548381,    0.0258773986
    228,    0.88721073,  9.67893313e-02,    0.0789647718,    0.0258774001
    229,    0.89109705,  9.63557160e-02,    0.0789744237,    0.0258774118
    230,    0.89498338,  9.59235599e-02,    0.0789837966,    0.0258774330
    231,    0.89886970,  9.54928452e-02,    0.0789928935,    0.0258774631
    232,    0.90275603,  9.50635600e-02,    0.0790017177,    0.0258775015
    233,    0.90664236,  9.46356984e-02,    0.0790102726,    0.0258775474
    234,    0.91052868,  9.42092602e-02,    0.0790185617,    0.0258776005
    235,    0.91441501,  9.37842510e-02,    0.0790265889,    0.0258776599
    236,    0.91830134,  9.33606819e-02,    0.0790343581,    0.0258777253
    237,    0.92218766,  9.29385710e-02,    0.0790418732,    0.0258777961
    238,    0.92607399,  9.25179386e-02,    0.0790491387,    0.0258778717
    239,    0.92996031,  9.20988107e-02,    0.0790561587,    0.0258779516
    240,    0.93384664,  9.16812178e-02,    0.0790629378,    0.0258780354
    241,    0.93773297,  9.12651941e-02,    0.0790694805,    0.0258781226
    242,    0.94161929,  9.08507771e-02,    0.0790757916,    0.0258782128
    243,    0.94550562,  9.04380012e-02,    0.0790818757,    0.0258783055
    244,    0.94939195,  9.00269049e-02,    0.0790877376,    0.0258784004
    245,    0.95327827,  8.96175273e-02,    0.0790933824,    0.0258784971
    246,    0.95716460,  8.92099067e-02,    0.0790988149,    0.0258785952
    247,    0.96105092,  8.88040805e-02,    0.0791040402,    0.0258786944
    248,    0.96493725,  8.84000836e-02,    0.0791090633,    0.0258787943
    249,    0.96882358,  8.79979486e-02,    0.0791138893,    0.0258788947
    250,    0.97270990,  8.75977039e-02,    0.0791185232,    0.0258789952
    251,    0.97659623,  8.71992483e-02,    0.0791229702,    0.0258790957
    252,    0.98048256,  8.68026876e-02,    0.0791272353,    0.0258791958
    253,    0.98436888,  8.64080727e-02,    0.0791313237,    0.0258792954
    254,    0.98825521,  8.60154152e-02,    0.0791352405,    0.0258793942
    255,    0.99214153,  8.56247196e-02,    0.0791389907,    0.0258794920
    256,    0.99602786,  8.52359824e-02,    0.0791425793,    0.0258795887
    257,    0.99991419,  8.48491921e-02,    0.0791460114,    0.0258796840
    258,    1.00380051,  8.44643284e-02,    0.0791492919,    0.0258797779
    259,    1.00768684,  8.40813628e-02,    0.0791524257,    0.0258798701
    260,    1.01157317,  8.37002584e-02,    0.0791554176,    0.0258799607
    261,    1.01545949,  8.33209700e-02,    0.0791582725,    0.0258800494
    262,    1.01934582,  8.29434443e-02,    0.0791609951,    0.0258801362
    263,    1.02323215,  8.25676197e-02,    0.0791635900,    0.0258802210
    264,    1.02711847,  8.21934272e-02,    0.0791660618,    0.0258803037
    265,    1.03100480,  8.18207899e-02,    0.0791684150,    0.0258803843
    266,    1.03489112,  8.14496240e-02,    0.0791706541,    0.0258804627
    267,    1.03877745,  8.10798390e-02,    0.0791727833,    0.0258805389
    268,    1.04266378,  8.07113382e-02,    0.0791748069,    0.0258806128
    269,    1.04655010,  8.03440189e-02,    0.0791767291,    0.0258806845
    270,    1.05043643,  7.99777736e-02,    0.0791785539,    0.0258807538
    271,    1.05432276,  7.96124899e-02,    0.0791802852,    0.0258808209
    272,    1.05820908,  7.92480516e-02,    0.0791819270,    0.0258808857
    273,    1.06209541,  7.88843389e-02,    0.0791834830,    0.0258809482
    274,    1.06598173,  7.85212297e-02,    0.0791849569,    0.0258810085
    275,    1.06986806,  7.81585994e-02,    0.0791863522,    0.0258810665
    276,    1.07375439,  7.77963223e-02,    0.0791876723,    0.0258811223
    277,    1.07764071,  7.74342720e-02,    0.0791889206,    0.0258811759
    278,    1.08152704,  7.70723217e-02,    0.0791901005,    0.0258812273
    279,    1.08541337,  7.67103456e-02,    0.0791912149,    0.0258812766
    280,    1.08929969,  7.63482187e-02,    0.0791922670,    0.0258813239
    281,    1.09318602,  7.59858180e-02,    0.0791932598,    0.0258813691
    282,    1.09707235,  7.56230228e-02,    0.0791941959,    0.0258814124
    283,    1.10095867,  7.52597152e-02,    0.0791950783,    0.0258814537
    284,    1.10484500,  7.48957809e-02,    0.0791959095,    0.0258814932
    285,    1.10873132,  7.45311092e-02,    0.0791966920,    0.0258815308
    286,    1.11261765,  7.41655940e-02,    0.0791974284,    0.0258815666
    287,    1.11650398,  7.37991338e-02,    0.0791981210,    0.0258816007
    288,    1.12039030,  7.34316322e-02,    0.0791987719,    0.0258816332
    289,    1.12427663,  7.30629982e-02,    0.0791993835,    0.0258816640
    290,    1.12816296,  7.26931464e-02,    0.0791999578,    0.0258816933
    291,    1.13204928,  7.23219975e-02,    0.0792004968,    0.0258817211
    292,    1.13593561,  7.19494783e-02,    0.0792010023,    0.0258817474
    293,    1.13982193,  7.15755219e-02,    0.0792014762,    0.0258817724
    294,    1.14370826,  7.12000679e-02,    0.0792019203,    0.0258817960
    295,    1.14759459,  7.08230621e-02,    0.0792023362,    0.0258818184
    296,    1.15148091,  7.04444575e-02,    0.0792027255,    0.0258818395
    297,    1.15536724,  7.00642131e-02,    0.0792030897,    0.0258818594
    298,    1.15925357,  6.96822948e-02,    0.0792034302,    0.0258818783
    299,    1.16313989,  6.92986752e-02,    0.0792037485,    0.0258818960
    300,    1.16702622,  6.89133331e-02,    0.0792040459,    0.0258819127
    301,    1.17091254,  6.85262539e-02,    0.0792043235,    0.0258819285
    302,    1.17479887,  6.81374292e-02,    0.0792045825,    0.0258819433
    303,    1.17868520,  6.77468568e-02,    0.0792048241,    0.0258819573
    304,    1.18257152,  6.73545405e-02,    0.0792050494,    0.0258819704
    305,    1.18645785,  6.69604900e-02,    0.0792052593,    0.0258819827
    306,    1.19034418,  6.65647204e-02,    0.0792054547,    0.0258819942
    307,    1.19423050,  6.61672525e-02,    0.0792056367,    0.0258820051
    308,    1.19811683,  6.57681122e-02,    0.0792058060,    0.0258820152
    309,    1.20200316,  6.53673304e-02,    0.0792059634,    0.0258820247
    310,    1.20588948,  6.49649428e-02,    0.0792061098,    0.0258820336
    311,    1.20977581,  6.45609894e-02,    0.0792062458,    0.0258820420
    312,    1.21366213,  6.41555149e-02,    0.0792063720,    0.0258820497
    313,    1.21754846,  6.37485675e-02,    0.0792064892,    0.0258820570
    314,    1.22143479,  6.33401997e-02,    0.0792065979,    0.0258820638
    315,    1.22532111,  6.29304672e-02,    0.0792066988,    0.0258820702
    316,    1.22920744,  6.25194290e-02,    0.0792067922,    0.0258820761
    317,    1.23309377,  6.21071472e-02,    0.0792068788,    0.0258820816
    318,    1.23698009,  6.16936868e-02,    0.0792069590,    0.0258820867
    319,    1.24086642,  6.12791152e-02,    0.0792070332,    0.0258820915
    320,    1.24475274,  6.08635021e-02,    0.0792071019,    0.0258820959
    321,    1.24863907,  6.04469193e-02,    0.0792071653,    0.0258821000
    322,    1.25252540,  6.00294406e-02,    0.0792072240,    0.0258821039
    323,    1.25641172,  5.96111412e-02,    0.0792072783,    0.0258821075
    324,    1.26029805,  5.91920979e-02,    0.0792073283,    0.0258821108
    325,    1.26418438,  5.87723887e-02,    0.0792073746,    0.0258821138
    326,    1.26807070,  5.83520926e-02,    0.0792074172,    0.0258821167
    327,    1.27195703,  5.79312894e-02,    0.0792074565,    0.0258821193
    328,    1.27584335,  5.75100598e-02,    0.0792074928,    0.0258821218
    329,    1.27972968,  5.70884847e-02,    0.0792075262,    0.0258821240
    330,    1.28361601,  5.66666455e-02,    0.0792075570,    0.0258821261
    331,    1.28750233,  5.62446238e-02,    0.0792075853,    0.0258821281
    332,    1.29138866,  5.58225012e-02,    0.0792076114,    0.0258821299
    333,    1.29527499,  5.54003592e-02,    0.0792076354,    0.0258821315
    334,    1.29916131,  5.49782831e-02,    0.0792076575,    0.0258821330
    335,    1.30304764,  5.45563647e-02,    0.0792076777,    0.0258821344
    336,    1.30693397,  5.41346684e-02,    0.0792076964,    0.0258821357
    337,    1.31082029,  5.37132740e-02,    0.0792077135,    0.0258821369
    338,    1.31470662,  5.32922606e-02,    0.0792077292,    0.0258821380
    339,    1.31859294,  5.28717062e-02,    0.0792077436,    0.0258821391
    340,    1.32247927,  5.24516876e-02,    0.0792077568,    0.0258821400
    341,    1.32636560,  5.20322850e-02,    0.0792077689,    0.0258821409
    342,    1.33025192,  5.16135741e-02,    0.0792077800,    0.0258821417
    343,    1.33413825,  5.11956299e-02,    0.0792077902,    0.0258821424
    344,    1.33802458,  5.07785265e-02,    0.0792077995,    0.0258821430
    345,    1.34191090,  5.03623370e-02,    0.0792078081,    0.0258821437
    346,    1.34579723,  4.99471332e-02,    0.0792078159,    0.0258821442
    347,    1.34968355,  4.95329862e-02,    0.0792078230,    0.0258821447
    348,    1.35356988,  4.91199656e-02,    0.0792078295,    0.0258821452
    349,    1.35745621,  4.87081402e-02,    0.0792078355,    0.0258821457
    350,    1.36134253,  4.82975772e-02,    0.0792078410,    0.0258821461
    351,    1.36522886,  4.78883429e-02,    0.0792078459,    0.0258821464
    352,    1.36911519,  4.74805023e-02,    0.0792078505,    0.0258821468
    353,    1.37300151,  4.70741193e-02,    0.0792078546,    0.0258821471
    354,    1.37688784,  4.66692566e-02,    0.0792078584,    0.0258821473
    355,    1.38077417,  4.62659754e-02,    0.0792078619,    0.0258821476
    356,    1.38466049,  4.58643362e-02,    0.0792078650,    0.0258821478
    357,    1.38854682,  4.54643981e-02,    0.0792078679,    0.0258821481
    358,    1.39243314,  4.50662189e-02,    0.0792078705,    0.0258821482
    359,    1.39631947,  4.46698556e-02,    0.0792078729,    0.0258821484
    360,    1.40020580,  4.42753637e-02,    0.0792078750,    0.0258821486
    361,    1.40409212,  4.38827979e-02,    0.0792078770,    0.0258821487
    362,    1.40797845,  4.34922116e-02,    0.0792078788,    0.0258821489
    363,    1.41186478,  4.31036573e-02,    0.0792078804,    0.0258821490
    364,    1.41575110,  4.27171864e-02,    0.0792078819,    0.0258821491
    365,    1.41963743,  4.23328360e-02,    0.0792078833,    0.0258821492
    366,    1.42352375,  4.19506647e-02,    0.0792078845,    0.0258821493
    367,    1.42741008,  4.15707258e-02,    0.0792078856,    0.0258821494
    368,    1.43129641,  4.11930666e-02,    0.0792078866,    0.0258821495
    369,    1.43518273,  4.08177335e-02,    0.0792078875,    0.0258821495
    370,    1.43906906,  4.04447719e-02,    0.0792078883,    0.0258821496
    371,    1.44295539,  4.00742265e-02,    0.0792078891,    0.0258821497
    372,    1.44684171,  3.97061408e-02,    0.0792078898,    0.0258821497
    373,    1.45072804,  3.93405578e-02,    0.0792078904,    0.0258821498
    374,    1.45461436,  3.89775193e-02,    0.0792078910,    0.0258821498
    375,    1.45850069,  3.86170665e-02,    0.0792078915,    0.0258821498
    376,    1.46238702,  3.82592397e-02,    0.0792078919,    0.0258821499
    377,    1.46627334,  3.79040782e-02,    0.0792078923,    0.0258821499
    378,    1.47015967,  3.75516206e-02,    0.0792078927,    0.0258821499
    379,    1.47404600,  3.72019048e-02,    0.0792078931,    0.0258821500
    380,    1.47793232,  3.68549676e-02,    0.0792078934,    0.0258821500
    381,    1.48181865,  3.65108451e-02,    0.0792078936,    0.0258821500
    382,    1.48570498,  3.61695725e-02,    0.0792078939,    0.0258821500
    383,    1.48959130,  3.58311843e-02,    0.0792078941,    0.0258821500
    384,    1.49347763,  3.54957140e-02,    0.0792078943,    0.0258821501
    385,    1.49736395,  3.51631942e-02,    0.0792078945,    0.0258821501
    386,    1.50125028,  3.48336567e-02,    0.0792078947,    0.0258821501
    387,    1.50513661,  3.45071322e-02,    0.0792078948,    0.0258821501
    388,    1.50902293,  3.41836508e-02,    0.0792078950,    0.0258821501
    389,    1.51290926,  3.38632413e-02,    0.0792078951,    0.0258821501
    390,    1.51679559,  3.35459316e-02,    0.0792078952,    0.0258821501
    391,    1.52068191,  3.32317487e-02,    0.0792078953,    0.0258821501
    392,    1.52456824,  3.29207184e-02,    0.0792078954,    0.0258821501
    393,    1.52845456,  3.26128655e-02,    0.0792078955,    0.0258821502
    394,    1.53234089,  3.23082136e-02,    0.0792078955,    0.0258821502
    395,    1.53622722,  3.20067852e-02,    0.0792078956,    0.0258821502
    396,    1.54011354,  3.17086015e-02,    0.0792078957,    0.0258821502
    397,    1.54399987,  3.14136825e-02,    0.0792078957,    0.0258821502
    398,    1.54788620,  3.11220470e-02,    0.0792078958,    0.0258821502
    399,    1.55177252,  3.08337122e-02,    0.0792078958,    0.0258821502
    400,    1.55565885,  3.05486942e-02,    0.0792078958,    0.0258821502
    401,    1.55954517,  3.02670073e-02,    0.0792078959,    0.0258821502
    402,    1.56343150,  2.99886648e-02,    0.0792078959,    0.0258821502
    403,    1.56731783,  2.97136510e-02,    0.0792078959,    0.0258821502
    404,    1.57120415,  2.94419702e-02,    0.0792078960,    0.0258821502
    405,    1.57509048,  2.91736597e-02,    0.0792078960,    0.0258821502
    406,    1.57897681,  2.89087258e-02,    0.0792078960,    0.0258821502
    407,    1.58286313,  2.86471732e-02,    0.0792078960,    0.0258821502
    408,    1.58674946,  2.83890049e-02,    0.0792078960,    0.0258821502
    409,    1.59063579,  2.81342222e-02,    0.0792078960,    0.0258821502
    410,    1.59452211,  2.78828246e-02,    0.0792078961,    0.0258821502
    411,    1.59840844,  2.76348098e-02,    0.0792078961,    0.0258821502
    412,    1.60229476,  2.73901735e-02,    0.0792078961,    0.0258821502
    413,    1.60618109,  2.71489095e-02,    0.0792078961,    0.0258821502
    414,    1.61006742,  2.69110096e-02,    0.0792078961,    0.0258821502
    415,    1.61395374,  2.66764637e-02,    0.0792078961,    0.0258821502
    416,    1.61784007,  2.64452594e-02,    0.0792078961,    0.0258821502
    417,    1.62172640,  2.62173822e-02,    0.0792078961,    0.0258821502
    418,    1.62561272,  2.59928158e-02,    0.0792078961,    0.0258821502
    419,    1.62949905,  2.57715414e-02,    0.0792078961,    0.0258821502
    420,    1.63338537,  2.55535381e-02,    0.0792078961,    0.0258821502
    421,    1.63727170,  2.53387831e-02,    0.0792078961,    0.0258821502
    422,    1.64115803,  2.51272510e-02,    0.0792078961,    0.0258821502
    423,    1.64504435,  2.49189146e-02,    0.0792078961,    0.0258821502
    424,    1.64893068,  2.47137445e-02,    0.0792078961,    0.0258821502
    425,    1.65281701,  2.45117090e-02,    0.0792078961,    0.0258821502
    426,    1.65670333,  2.43127744e-02,    0.0792078962,    0.0258821502
    427,    1.66058966,  2.41169050e-02,    0.0792078962,    0.0258821502
    428,    1.66447599,  2.39240630e-02,    0.0792078962,    0.0258821502
    429,    1.66836231,  2.37342085e-02,    0.0792078962,    0.0258821502
    430,    1.67224864,  2.35472999e-02,    0.0792078962,    0.0258821502
    431,    1.67613496,  2.33632934e-02,    0.0792078962,    0.0258821502
    432,    1.68002129,  2.31821435e-02,    0.0792078962,    0.0258821502
    433,    1.68390762,  2.30038030e-02,    0.0792078962,    0.0258821502
    434,    1.68779394,  2.28282229e-02,    0.0792078962,    0.0258821502
    435,    1.69168027,  2.26553525e-02,    0.0792078962,    0.0258821502
    436,    1.69556660,  2.24851397e-02,    0.0792078962,    0.0258821502
    437,    1.69945292,  2.23175306e-02,    0.0792078962,    0.0258821502
    438,    1.70333925,  2.21524703e-02,    0.0792078962,    0.0258821502
    439,    1.70722557,  2.19899024e-02,    0.0792078962,    0.0258821502
    440,    1.71111190,  2.18297691e-02,    0.0792078962,    0.0258821502
    441,    1.71499823,  2.16720116e-02,    0.0792078962,    0.0258821502
    442,    1.71888455,  2.15165703e-02,    0.0792078962,    0.0258821502
    443,    1.72277088,  2.13633844e-02,    0.0792078962,    0.0258821502
    444,    1.72665721,  2.12123922e-02,    0.0792078962,    0.0258821502
    445,    1.73054353,  2.10635314e-02,    0.0792078962,    0.0258821502
    446,    1.73442986,  2.09167392e-02,    0.0792078962,    0.0258821502
    447,    1.73831618,  2.07719520e-02,    0.0792078962,    0.0258821502
    448,    1.74220251,  2.06291059e-02,    0.0792078962,    0.0258821502
    449,    1.74608884,  2.04881368e-02,    0.0792078962,    0.0258821502
    450,    1.74997516,  2.03489803e-02,    0.0792078962,    0.0258821502
    451,    1.75386149,  2.02115717e-02,    0.0792078962,    0.0258821502
    452,    1.75774782,  2.00758465e-02,    0.0792078962,    0.0258821502
    453,    1.76163414,  1.99417404e-02,    0.0792078962,    0.0258821502
    454,    1.76552047,  1.98091889e-02,    0.0792078962,    0.0258821502
    455,    1.76940680,  1.96781283e-02,    0.0792078962,    0.0258821502
    456,    1.77329312,  1.95484948e-02,    0.0792078962,    0.0258821502
    457,    1.77717945,  1.94202254e-02,    0.0792078962,    0.0258821502
    458,    1.78106577,  1.92932574e-02,    0.0792078962,    0.0258821502
    459,    1.78495210,  1.91675291e-02,    0.0792078962,    0.0258821502
    460,    1.78883843,  1.90429791e-02,    0.0792078962,    0.0258821502
    461,    1.79272475,  1.89195471e-02,    0.0792078962,    0.0258821502
    462,    1.79661108,  1.87971737e-02,    0.0792078962,    0.0258821502
    463,    1.80049741,  1.86758002e-02,    0.0792078962,    0.0258821502
    464,    1.80438373,  1.85553691e-02,    0.0792078962,    0.0258821502
    465,    1.80827006,  1.84358240e-02,    0.0792078962,    0.0258821502
    466,    1.81215638,  1.83171097e-02,    0.0792078962,    0.0258821502
    467,    1.81604271,  1.81991720e-02,    0.0792078962,    0.0258821502
    468,    1.81992904,  1.80819580e-02,    0.0792078962,    0.0258821502
    469,    1.82381536,  1.79654162e-02,    0.0792078962,    0.0258821502
    470,    1.82770169,  1.78494965e-02,    0.0792078962,    0.0258821502
    471,    1.83158802,  1.77341499e-02,    0.0792078962,    0.0258821502
    472,    1.83547434,  1.76193292e-02,    0.0792078962,    0.0258821502
    473,    1.83936067,  1.75049883e-02,    0.0792078962,    0.0258821502
    474,    1.84324699,  1.73910828e-02,    0.0792078962,    0.0258821502
    475,    1.84713332,  1.72775697e-02,    0.0792078962,    0.0258821502
    476,    1.85101965,  1.71644076e-02,    0.0792078962,    0.0258821502
    477,    1.85490597,  1.70515566e-02,    0.0792078962,    0.0258821502
    478,    1.85879230,  1.69389783e-02,    0.0792078962,    0.0258821502
    479,    1.86267863,  1.68266359e-02,    0.0792078962,    0.0258821502
    480,    1.86656495,  1.67144943e-02,    0.0792078962,    0.0258821502
    481,    1.87045128,  1.66025199e-02,    0.0792078962,    0.0258821502
    482,    1.87433761,  1.64906805e-02,    0.0792078962,    0.0258821502
    483,    1.87822393,  1.63789457e-02,    0.0792078962,    0.0258821502
    484,    1.88211026,  1.62672866e-02,    0.0792078962,    0.0258821502
    485,    1.88599658,  1.61556759e-02,    0.0792078962,    0.0258821502
    486,    1.88988291,  1.60440878e-02,    0.0792078962,    0.0258821502
    487,    1.89376924,  1.59324981e-02,    0.0792078962,    0.0258821502
    488,    1.89765556,  1.58208841e-02,    0.0792078962,    0.0258821502
    489,    1.90154189,  1.57092246e-02,    0.0792078962,    0.0258821502
    490,    1.90542822,  1.55975000e-02,    0.0792078962,    0.0258821502
    491,    1.90931454,  1.54856920e-02,    0.0792078962,    0.0258821502
    492,    1.91320087,  1.53737839e-02,    0.0792078962,    0.0258821502
    493,    1.91708719,  1.52617604e-02,    0.0792078962,    0.0258821502
    494,    1.92097352,  1.51496076e-02,    0.0792078962,    0.0258821502
    495,    1.92485985,  1.50373131e-02,    0.0792078962,    0.0258821502
    496,    1.92874617,  1.49248656e-02,    0.0792078962,    0.0258821502
    497,    1.93263250,  1.48122554e-02,    0.0792078962,    0.0258821502
    498,    1.93651883,  1.46994739e-02,    0.0792078962,    0.0258821502
    499,    1.94040515,  1.45865140e-02,    0.0792078962,    0.0258821502
    500,    1.94429148,  1.44733697e-02,    0.0792078962,    0.0258821502
    501,    1.94817781,  1.43600361e-02,    0.0792078962,    0.0258821502
    502,    1.95206413,  1.42465098e-02,    0.0792078962,    0.0258821502
    503,    1.95595046,  1.41327883e-02,    0.0792078962,    0.0258821502
    504,    1.95983678,  1.40188702e-02,    0.0792078962,    0.0258821502
    505,    1.96372311,  1.39047553e-02,    0.0792078962,    0.0258821502
    506,    1.96760944,  1.37904446e-02,    0.0792078962,    0.0258821502
    507,    1.97149576,  1.36759397e-02,    0.0792078962,    0.0258821502
    508,    1.97538209,  1.35612436e-02,    0.0792078962,    0.0258821502
    509,    1.97926842,  1.34463600e-02,    0.0792078962,    0.0258821502
    510,    1.98315474,  1.33312937e-02,    0.0792078962,    0.0258821502
    511,    1.98704107,  1.32160502e-02,    0.0792078962,    0.0258821502
    512,    1.99092739,  1.31006360e-02,    0.0792078962,    0.0258821502
    513,    1.99481372,  1.29850583e-02,    0.0792078962,    0.0258821502
    514,    1.99870005,  1.28693252e-02,    0.0792078962,    0.0258821502
    515,    2.00258637,  1.27534455e-02,    0.0792078962,    0.0258821502
    516,    2.00647270,  1.26374287e-02,    0.0792078962,    0.0258821502
    517,    2.01035903,  1.25212850e-02,    0.0792078962,    0.0258821502
    518,    2.01424535,  1.24050253e-02,    0.0792078962,    0.0258821502
    519,    2.01813168,  1.22886611e-02,    0.0792078962,    0.0258821502
    520,    2.02201800,  1.21722044e-02,    0.0792078962,    0.0258821502
    521,    2.02590433,  1.20556679e-02,    0.0792078962,    0.0258821502
    522,    2.02979066,  1.19390648e-02,    0.0792078962,    0.0258821502
    523,    2.03367698,  1.18224087e-02,    0.0792078962,    0.0258821502
    524,    2.03756331,  1.17057138e-02,    0.0792078962,    0.0258821502
    525,    2.04144964,  1.15889946e-02,    0.0792078962,    0.0258821502
    526,    2.04533596,  1.14722662e-02,    0.0792078962,    0.0258821502
    527,    2.04922229,  1.13555439e-02,    0.0792078962,    0.0258821502
    528,    2.05310862,  1.12388434e-02,    0.0792078962,    0.0258821502
    529,    2.05699494,  1.11221809e-02,    0.0792078962,    0.0258821502
    530,    2.06088127,  1.10055726e-02,    0.0792078962,    0.0258821502
    531,    2.06476759,  1.08890352e-02,    0.0792078962,    0.0258821502
    532,    2.06865392,  1.07725855e-02,    0.0792078962,    0.0258821502
    533,    2.07254025,  1.06562408e-02,    0.0792078962,    0.0258821502
    534,    2.07642657,  1.05400182e-02,    0.0792078962,    0.0258821502
    535,    2.08031290,  1.04239352e-02,    0.0792078962,    0.0258821502
    536,    2.08419923,  1.03080095e-02,    0.0792078962,    0.0258821502
    537,    2.08808555,  1.01922588e-02,    0.0792078962,    0.0258821502
    538,    2.09197188,  1.00767010e-02,    0.0792078962,    0.0258821502
    539,    2.09585820,  9.96135397e-03,    0.0792078962,    0.0258821502
    540,    2.09974453,  9.84623573e-03,    0.0792078962,    0.0258821502
    541,    2.10363086,  9.73136431e-03,    0.0792078962,    0.0258821502
    542,    2.10751718,  9.61675777e-03,    0.0792078962,    0.0258821502
    543,    2.11140351,  9.50243416e-03,    0.0792078962,    0.0258821502
    544,    2.11528984,  9.38841151e-03,    0.0792078962,    0.0258821502
    545,    2.11917616,  9.27470782e-03,    0.0792078962,    0.0258821502
    546,    2.12306249,  9.16134102e-03,    0.0792078962,    0.0258821502
    547,    2.12694882,  9.04832897e-03,    0.0792078962,    0.0258821502
    548,    2.13083514,  8.93568946e-03,    0.0792078962,    0.0258821502
    549,    2.13472147,  8.82344013e-03,    0.0792078962,    0.0258821502
    550,    2.13860779,  8.71159853e-03,    0.0792078962,    0.0258821502
    551,    2.14249412,  8.60018206e-03,    0.0792078962,    0.0258821502
    552,    2.14638045,  8.48920796e-03,    0.0792078962,    0.0258821502
    553,    2.15026677,  8.37869332e-03,    0.0792078962,    0.0258821502
    554,    2.15415310,  8.26865501e-03,    0.0792078962,    0.0258821502
    555,    2.15803943,  8.15910975e-03,    0.0792078962,    0.0258821502
    556,    2.16192575,  8.05007402e-03,    0.0792078962,    0.0258821502
    557,    2.16581208,  7.94156409e-03,    0.0792078962,    0.0258821502
    558,    2.16969840,  7.83359600e-03,    0.0792078962,    0.0258821502
    559,    2.17358473,  7.72618553e-03,    0.0792078962,    0.0258821502
    560,    2.17747106,  7.61934823e-03,    0.0792078962,    0.0258821502
    561,    2.18135738,  7.51309937e-03,    0.0792078962,    0.0258821502
    562,    2.18524371,  7.40745395e-03,    0.0792078962,    0.0258821502
    563,    2.18913004,  7.30242667e-03,    0.0792078962,    0.0258821502
    564,    2.19301636,  7.19803196e-03,    0.0792078962,    0.0258821502
    565,    2.19690269,  7.09428395e-03,    0.0792078962,    0.0258821502
    566,    2.20078901,  6.99119643e-03,    0.0792078962,    0.0258821502
    567,    2.20467534,  6.88878290e-03,    0.0792078962,    0.0258821502
    568,    2.20856167,  6.78705653e-03,    0.0792078962,    0.0258821502
    569,    2.21244799,  6.68603017e-03,    0.0792078962,    0.0258821502
    570,    2.21633432,  6.58571631e-03,    0.0792078962,    0.0258821502
    571,    2.22022065,  6.48612712e-03,    0.0792078962,    0.0258821502
    572,    2.22410697,  6.38727440e-03,    0.0792078962,    0.0258821502
    573,    2.22799330,  6.28916964e-03,    0.0792078962,    0.0258821502
    574,    2.23187963,  6.19182392e-03,    0.0792078962,    0.0258821502
    575,    2.23576595,  6.09524799e-03,    0.0792078962,    0.0258821502
    576,    2.23965228,  5.99945225e-03,    0.0792078962,    0.0258821502
    577,    2.24353860,  5.90444669e-03,    0.0792078962,    0.0258821502
    578,    2.24742493,  5.81024098e-03,    0.0792078962,    0.0258821502
    579,    2.25131126,  5.71684437e-03,    0.0792078962,    0.0258821502
    580,    2.25519758,  5.62426578e-03,    0.0792078962,    0.0258821502
    581,    2.25908391,  5.53251372e-03,    0.0792078962,    0.0258821502
    582,    2.26297024,  5.44159634e-03,    0.0792078962,    0.0258821502
    583,    2.26685656,  5.35152140e-03,    0.0792078962,    0.0258821502
    584,    2.27074289,  5.26229630e-03,    0.0792078962,    0.0258821502
    585,    2.27462921,  5.17392804e-03,    0.0792078962,    0.0258821502
    586,    2.27851554,  5.08642326e-03,    0.0792078962,    0.0258821502
    587,    2.28240187,  4.99978820e-03,    0.0792078962,    0.0258821502
    588,    2.28628819,  4.91402875e-03,    0.0792078962,    0.0258821502
    589,    2.29017452,  4.82915040e-03,    0.0792078962,    0.0258821502
    590,    2.29406085,  4.74515827e-03,    0.0792078962,    0.0258821502
    591,    2.29794717,  4.66205710e-03,    0.0792078962,    0.0258821502
    592,    2.30183350,  4.57985128e-03,    0.0792078962,    0.0258821502
    593,    2.30571982,  4.49854481e-03,    0.0792078962,    0.0258821502
    594,    2.30960615,  4.41814133e-03,    0.0792078962,    0.0258821502
    595,    2.31349248,  4.33864411e-03,    0.0792078962,    0.0258821502
    596,    2.31737880,  4.26005606e-03,    0.0792078962,    0.0258821502
    597,    2.32126513,  4.18237973e-03,    0.0792078962,    0.0258821502
    598,    2.32515146,  4.10561733e-03,    0.0792078962,    0.0258821502
    599,    2.32903778,  4.02977069e-03,    0.0792078962,    0.0258821502
    600,    2.33292411,  3.95484132e-03,    0.0792078962,    0.0258821502
    601,    2.33681044,  3.88083037e-03,    0.0792078962,    0.0258821502
    602,    2.34069676,  3.80773865e-03,    0.0792078962,    0.0258821502
    603,    2.34458309,  3.73556664e-03,    0.0792078962,    0.0258821502
    604,    2.34846941,  3.66431449e-03,    0.0792078962,    0.0258821502
    605,    2.35235574,  3.59398202e-03,    0.0792078962,    0.0258821502
    606,    2.35624207,  3.52456874e-03,    0.0792078962,    0.0258821502
    607,    2.36012839,  3.45607383e-03,    0.0792078962,    0.0258821502
    608,    2.36401472,  3.38849616e-03,    0.0792078962,    0.0258821502
    609,    2.36790105,  3.32183432e-03,    0.0792078962,    0.0258821502
    610,    2.37178737,  3.25608656e-03,    0.0792078962,    0.0258821502
    611,    2.37567370,  3.19125088e-03,    0.0792078962,    0.0258821502
    612,    2.37956002,  3.12732495e-03,    0.0792078962,    0.0258821502
    613,    2.38344635,  3.06430620e-03,    0.0792078962,    0.0258821502
    614,    2.38733268,  3.00219175e-03,    0.0792078962,    0.0258821502
    615,    2.39121900,  2.94097847e-03,    0.0792078962,    0.0258821502
    616,    2.39510533,  2.88066295e-03,    0.0792078962,    0.0258821502
    617,    2.39899166,  2.82124154e-03,    0.0792078962,    0.0258821502
    618,    2.40287798,  2.76271034e-03,    0.0792078962,    0.0258821502
    619,    2.40676431,  2.70506519e-03,    0.0792078962,    0.0258821502
    620,    2.41065064,  2.64830170e-03,    0.0792078962,    0.0258821502
    621,    2.41453696,  2.59241524e-03,    0.0792078962,    0.0258821502
    622,    2.41842329,  2.53740099e-03,    0.0792078962,    0.0258821502
    623,    2.42230961,  2.48325386e-03,    0.0792078962,    0.0258821502
    624,    2.42619594,  2.42996858e-03,    0.0792078962,    0.0258821502
    625,    2.43008227,  2.37753969e-03,    0.0792078962,    0.0258821502
    626,    2.43396859,  2.32596148e-03,    0.0792078962,    0.0258821502
    627,    2.43785492,  2.27522811e-03,    0.0792078962,    0.0258821502
    628,    2.44174125,  2.22533351e-03,    0.0792078962,    0.0258821502
    629,    2.44562757,  2.17627144e-03,    0.0792078962,    0.0258821502
    630,    2.44951390,  2.12803552e-03,    0.0792078962,    0.0258821502
    631,    2.45340022,  2.08061917e-03,    0.0792078962,    0.0258821502
    632,    2.45728655,  2.03401566e-03,    0.0792078962,    0.0258821502
    633,    2.46117288,  1.98821812e-03,    0.0792078962,    0.0258821502
    634,    2.46505920,  1.94321952e-03,    0.0792078962,    0.0258821502
    635,    2.46894553,  1.89901271e-03,    0.0792078962,    0.0258821502
    636,    2.47283186,  1.85559040e-03,    0.0792078962,    0.0258821502
    637,    2.47671818,  1.81294516e-03,    0.0792078962,    0.0258821502
    638,    2.48060451,  1.77106947e-03,    0.0792078962,    0.0258821502
    639,    2.48449083,  1.72995568e-03,    0.0792078962,    0.0258821502
    640,    2.48837716,  1.68959603e-03,    0.0792078962,    0.0258821502
    641,    2.49226349,  1.64998267e-03,    0.0792078962,    0.0258821502
    642,    2.49614981,  1.61110766e-03,    0.0792078962,    0.0258821502
    643,    2.50003614,  1.57296296e-03,    0.0792078962,    0.0258821502
    644,    2.50392247,  1.53554046e-03,    0.0792078962,    0.0258821502
    645,    2.50780879,  1.49883196e-03,    0.0792078962,    0.0258821502
    646,    2.51169512,  1.46282922e-03,    0.0792078962,    0.0258821502
    647,    2.51558145,  1.42752389e-03,    0.0792078962,    0.0258821502
    648,    2.51946777,  1.39290761e-03,    0.0792078962,    0.0258821502
    649,    2.52335410,  1.35897194e-03,    0.0792078962,    0.0258821502
    650,    2.52724042,  1.32570840e-03,    0.0792078962,    0.0258821502
    651,    2.53112675,  1.29310846e-03,    0.0792078962,    0.0258821502
    652,    2.53501308,  1.26116357e-03,    0.0792078962,    0.0258821502
    653,    2.53889940,  1.22986514e-03,    0.0792078962,    0.0258821502
    654,    2.54278573,  1.19920455e-03,    0.0792078962,    0.0258821502
    655,    2.54667206,  1.16917317e-03,    0.0792078962,    0.0258821502
    656,    2.55055838,  1.13976235e-03,    0.0792078962,    0.0258821502
    657,    2.55444471,  1.11096341e-03,    0.0792078962,    0.0258821502
    658,    2.55833103,  1.08276770e-03,    0.0792078962,    0.0258821502
    659,    2.56221736,  1.05516655e-03,    0.0792078962,    0.0258821502
    660,    2.56610369,  1.02815127e-03,    0.0792078962,    0.0258821502
    661,    2.56999001,  1.00171321e-03,    0.0792078962,    0.0258821502
    662,    2.57387634,  9.75843728e-04,    0.0792078962,    0.0258821502
    663,    2.57776267,  9.50534174e-04,    0.0792078962,    0.0258821502
    664,    2.58164899,  9.25775938e-04,    0.0792078962,    0.0258821502
    665,    2.58553532,  9.01560425e-04,    0.0792078962,    0.0258821502
    666,    2.58942164,  8.77879069e-04,    0.0792078962,    0.0258821502
    667,    2.59330797,  8.54723332e-04,    0.0792078962,    0.0258821502
    668,    2.59719430,  8.32084714e-04,    0.0792078962,    0.0258821502
    669,    2.60108062,  8.09954749e-04,    0.0792078962,    0.0258821502
    670,    2.60496695,  7.88325014e-04,    0.0792078962,    0.0258821502
    671,    2.60885328,  7.67187127e-04,    0.0792078962,    0.0258821502
    672,    2.61273960,  7.46532756e-04,    0.0792078962,    0.0258821502
    673,    2.61662593,  7.26353617e-04,    0.0792078962,    0.0258821502
    674,    2.62051226,  7.06641480e-04,    0.0792078962,    0.0258821502
    675,    2.62439858,  6.87388169e-04,    0.0792078962,    0.0258821502
    676,    2.62828491,  6.68585568e-04,    0.0792078962,    0.0258821502
    677,    2.63217123,  6.50225619e-04,    0.0792078962,    0.0258821502
    678,    2.63605756,  6.32300330e-04,    0.0792078962,    0.0258821502
    679,    2.63994389,  6.14801772e-04,    0.0792078962,    0.0258821502
    680,    2.64383021,  5.97722083e-04,    0.0792078962,    0.0258821502
    681,    2.64771654,  5.81053473e-04,    0.0792078962,    0.0258821502
    682,    2.65160287,  5.64788221e-04,    0.0792078962,    0.0258821502
    683,    2.65548919,  5.48918681e-04,    0.0792078962,    0.0258821502
    684,    2.65937552,  5.33437282e-04,    0.0792078962,    0.0258821502
    685,    2.66326184,  5.18336527e-04,    0.0792078962,    0.0258821502
    686,    2.66714817,  5.03609000e-04,    0.0792078962,    0.0258821502
    687,    2.67103450,  4.89247365e-04,    0.0792078962,    0.0258821502
    688,    2.67492082,  4.75244365e-04,    0.0792078962,    0.0258821502
    689,    2.67880715,  4.61592827e-04,    0.0792078962,    0.0258821502
    690,    2.68269348,  4.48285660e-04,    0.0792078962,    0.0258821502
    691,    2.68657980,  4.35315859e-04,    0.0792078962,    0.0258821502
    692,    2.69046613,  4.22676505e-04,    0.0792078962,    0.0258821502
    693,    2.69435246,  4.10360763e-04,    0.0792078962,    0.0258821502
    694,    2.69823878,  3.98361888e-04,    0.0792078962,    0.0258821502
    695,    2.70212511,  3.86673221e-04,    0.0792078962,    0.0258821502
    696,    2.70601143,  3.75288194e-04,    0.0792078962,    0.0258821502
    697,    2.70989776,  3.64200327e-04,    0.0792078962,    0.0258821502
    698,    2.71378409,  3.53403228e-04,    0.0792078962,    0.0258821502
    699,    2.71767041,  3.42890599e-04,    0.0792078962,    0.0258821502
    700,    2.72155674,  3.32656230e-04,    0.0792078962,    0.0258821502
    701,    2.72544307,  3.22694002e-04,    0.0792078962,    0.0258821502
    702,    2.72932939,  3.12997889e-04,    0.0792078962,    0.0258821502
    703,    2.73321572,  3.03561955e-04,    0.0792078962,    0.0258821502
    704,    2.73710204,  2.94380354e-04,    0.0792078962,    0.0258821502
    705,    2.74098837,  2.85447334e-04,    0.0792078962,    0.0258821502
    706,    2.74487470,  2.76757232e-04,    0.0792078962,    0.0258821502
    707,    2.74876102,  2.68304479e-04,    0.0792078962,    0.0258821502
    708,    2.75264735,  2.60083594e-04,    0.0792078962,    0.0258821502
    709,    2.75653368,  2.52089189e-04,    0.0792078962,    0.0258821502
    710,    2.76042000,  2.44315966e-04,    0.0792078962,    0.0258821502
    711,    2.76430633,  2.36758717e-04,    0.0792078962,    0.0258821502
    712,    2.76819265,  2.29412325e-04,    0.0792078962,    0.0258821502
    713,    2.77207898,  2.22271762e-04,    0.0792078962,    0.0258821502
    714,    2.77596531,  2.15332088e-04,    0.0792078962,    0.0258821502
    715,    2.77985163,  2.08588454e-04,    0.0792078962,    0.0258821502
    716,    2.78373796,  2.02036098e-04,    0.0792078962,    0.0258821502
    717,    2.78762429,  1.95670344e-04,    0.0792078962,    0.0258821502
    718,    2.79151061,  1.89486606e-04,    0.0792078962,    0.0258821502
    719,    2.79539694,  1.83480382e-04,    0.0792078962,    0.0258821502
    720,    2.79928327,  1.77647257e-04,    0.0792078962,    0.0258821502
    721,    2.80316959,  1.71982899e-04,    0.0792078962,    0.0258821502
    722,    2.80705592,  1.66483063e-04,    0.0792078962,    0.0258821502
    723,    2.81094224,  1.61143584e-04,    0.0792078962,    0.0258821502
    724,    2.81482857,  1.55960384e-04,    0.0792078962,    0.0258821502
    725,    2.81871490,  1.50929463e-04,    0.0792078962,    0.0258821502
    726,    2.82260122,  1.46046903e-04,    0.0792078962,    0.0258821502
    727,    2.82648755,  1.41308867e-04,    0.0792078962,    0.0258821502
    728,    2.83037388,  1.36711597e-04,    0.0792078962,    0.0258821502
    729,    2.83426020,  1.32251412e-04,    0.0792078962,    0.0258821502
    730,    2.83814653,  1.27924710e-04,    0.0792078962,    0.0258821502
    731,    2.84203285,  1.23727966e-04,    0.0792078962,    0.0258821502
    732,    2.84591918,  1.19657727e-04,    0.0792078962,    0.0258821502
    733,    2.84980551,  1.15710619e-04,    0.0792078962,    0.0258821502
    734,    2.85369183,  1.11883339e-04,    0.0792078962,    0.0258821502
    735,    2.85757816,  1.08172656e-04,    0.0792078962,    0.0258821502
    736,    2.86146449,  1.04575413e-04,    0.0792078962,    0.0258821502
    737,    2.86535081,  1.01088522e-04,    0.0792078962,    0.0258821502
    738,    2.86923714,  9.77089636e-05,    0.0792078962,    0.0258821502
    739,    2.87312346,  9.44337891e-05,    0.0792078962,    0.0258821502
    740,    2.87700979,  9.12601159e-05,    0.0792078962,    0.0258821502
    741,    2.88089612,  8.81851282e-05,    0.0792078962,    0.0258821502
    742,    2.88478244,  8.52060757e-05,    0.0792078962,    0.0258821502
    743,    2.88866877,  8.23202722e-05,    0.0792078962,    0.0258821502
    744,    2.89255510,  7.95250951e-05,    0.0792078962,    0.0258821502
    745,    2.89644142,  7.68179838e-05,    0.0792078962,    0.0258821502
    746,    2.90032775,  7.41964393e-05,    0.0792078962,    0.0258821502
    747,    2.90421408,  7.16580225e-05,    0.0792078962,    0.0258821502
    748,    2.90810040,  6.92003535e-05,    0.0792078962,    0.0258821502
    749,    2.91198673,  6.68211106e-05,    0.0792078962,    0.0258821502
    750,    2.91587305,  6.45180291e-05,    0.0792078962,    0.0258821502
    751,    2.91975938,  6.22889004e-05,    0.0792078962,    0.0258821502
    752,    2.92364571,  6.01315709e-05,    0.0792078962,    0.0258821502
    753,    2.92753203,  5.80439410e-05,    0.0792078962,    0.0258821502
    754,    2.93141836,  5.60239640e-05,    0.0792078962,    0.0258821502
    755,    2.93530469,  5.40696452e-05,    0.0792078962,    0.0258821502
    756,    2.93919101,  5.21790409e-05,    0.0792078962,    0.0258821502
    757,    2.94307734,  5.03502574e-05,    0.0792078962,    0.0258821502
    758,    2.94696366,  4.85814498e-05,    0.0792078962,    0.0258821502
    759,    2.95084999,  4.68708212e-05,    0.0792078962,    0.0258821502
    760,    2.95473632,  4.52166220e-05,    0.0792078962,    0.0258821502
    761,    2.95862264,  4.36171483e-05,    0.0792078962,    0.0258821502
    762,    2.96250897,  4.20707415e-05,    0.0792078962,    0.0258821502
    763,    2.96639530,  4.05757872e-05,    0.0792078962,    0.0258821502
    764,    2.97028162,  3.91307139e-05,    0.0792078962,    0.0258821502
    765,    2.97416795,  3.77339927e-05,    0.0792078962,    0.0258821502
    766,    2.97805428,  3.63841361e-05,    0.0792078962,    0.0258821502
    767,    2.98194060,  3.50796968e-05,    0.0792078962,    0.0258821502
    768,    2.98582693,  3.38192673e-05,    0.0792078962,    0.0258821502
    769,    2.98971325,  3.26014787e-05,    0.0792078962,    0.0258821502
    770,    2.99359958,  3.14250001e-05,    0.0792078962,    0.0258821502
    771,    2.99748591,  3.02885374e-05,    0.0792078962,    0.0258821502
    772,    3.00137223,  2.91908326e-05,    0.0792078962,    0.0258821502
    773,    3.00525856,  2.81306632e-05,    0.0792078962,    0.0258821502
    774,    3.00914489,  2.71068411e-05,    0.0792078962,    0.0258821502
    775,    3.01303121,  2.61182118e-05,    0.0792078962,    0.0258821502
    776,    3.01691754,  2.51636536e-05,    0.0792078962,    0.0258821502
    777,    3.02080386,  2.42420772e-05,    0.0792078962,    0.0258821502
    778,    3.02469019,  2.33524243e-05,    0.0792078962,    0.0258821502
    779,    3.02857652,  2.24936674e-05,    0.0792078962,    0.0258821502
    780,    3.03246284,  2.16648087e-05,    0.0792078962,    0.0258821502
    781,    3.03634917,  2.08648794e-05,    0.0792078962,    0.0258821502
    782,    3.04023550,  2.00929393e-05,    0.0792078962,    0.0258821502
    783,    3.04412182,  1.93480756e-05,    0.0792078962,    0.0258821502
    784,    3.04800815,  1.86294027e-05,    0.0792078962,    0.0258821502
    785,    3.05189447,  1.79360610e-05,    0.0792078962,    0.0258821502
    786,    3.05578080,  1.72672169e-05,    0.0792078962,    0.0258821502
    787,    3.05966713,  1.66220614e-05,    0.0792078962,    0.0258821502
    788,    3.06355345,  1.59998100e-05,    0.0792078962,    0.0258821502
    789,    3.06743978,  1.53997017e-05,    0.0792078962,    0.0258821502
    790,    3.07132611,  1.48209989e-05,    0.0792078962,    0.0258821502
    791,    3.07521243,  1.42629860e-05,    0.0792078962,    0.0258821502
    792,    3.07909876,  1.37249697e-05,    0.0792078962,    0.0258821502
    793,    3.08298509,  1.32062776e-05,    0.0792078962,    0.0258821502
    794,    3.08687141,  1.27062583e-05,    0.0792078962,    0.0258821502
    795,    3.09075774,  1.22242803e-05,    0.0792078962,    0.0258821502
    796,    3.09464406,  1.17597320e-05,    0.0792078962,    0.0258821502
    797,    3.09853039,  1.13120204e-05,    0.0792078962,    0.0258821502
    798,    3.10241672,  1.08805716e-05,    0.0792078962,    0.0258821502
    799,    3.10630304,  1.04648293e-05,    0.0792078962,    0.0258821502
    800,    3.11018937,  1.00642549e-05,    0.0792078962,    0.0258821502
    801,    3.11407570,  9.67832679e-06,    0.0792078962,    0.0258821502
    802,    3.11796202,  9.30653998e-06,    0.0792078962,    0.0258821502
    803,    3.12184835,  8.94840553e-06,    0.0792078962,    0.0258821502
    804,    3.12573467,  8.60345012e-06,    0.0792078962,    0.0258821502
    805,    3.12962100,  8.27121566e-06,    0.0792078962,    0.0258821502
    806,    3.13350733,  7.95125878e-06,    0.0792078962,    0.0258821502
    807,    3.13739365,  7.64315045e-06,    0.0792078962,    0.0258821502
    808,    3.14127998,  7.34647555e-06,    0.0792078962,    0.0258821502
    809,    3.14516631,  7.06083249e-06,    0.0792078962,    0.0258821502
    810,    3.14905263,  6.78583275e-06,    0.0792078962,    0.0258821502
    811,    3.15293896,  6.52110058e-06,    0.0792078962,    0.0258821502
    812,    3.15682528,  6.26627256e-06,    0.0792078962,    0.0258821502
    813,    3.16071161,  6.02099725e-06,    0.0792078962,    0.0258821502
    814,    3.16459794,  5.78493484e-06,    0.0792078962,    0.0258821502
    815,    3.16848426,  5.55775682e-06,    0.0792078962,    0.0258821502
    816,    3.17237059,  5.33914559e-06,    0.0792078962,    0.0258821502
    817,    3.17625692,  5.12879418e-06,    0.0792078962,    0.0258821502
    818,    3.18014324,  4.92640589e-06,    0.0792078962,    0.0258821502
    819,    3.18402957,  4.73169401e-06,    0.0792078962,    0.0258821502
    820,    3.18791590,  4.54438149e-06,    0.0792078962,    0.0258821502
    821,    3.19180222,  4.36420064e-06,    0.0792078962,    0.0258821502
    822,    3.19568855,  4.19089287e-06,    0.0792078962,    0.0258821502
    823,    3.19957487,  4.02420838e-06,    0.0792078962,    0.0258821502
    824,    3.20346120,  3.86390588e-06,    0.0792078962,    0.0258821502
    825,    3.20734753,  3.70975236e-06,    0.0792078962,    0.0258821502
    826,    3.21123385,  3.56152281e-06,    0.0792078962,    0.0258821502
    827,    3.21512018,  3.41899995e-06,    0.0792078962,    0.0258821502
    828,    3.21900651,  3.28197400e-06,    0.0792078962,    0.0258821502
    829,    3.22289283,  3.15024247e-06,    0.0792078962,    0.0258821502
    830,    3.22677916,  3.02360987e-06,    0.0792078962,    0.0258821502
    831,    3.23066548,  2.90188755e-06,    0.0792078962,    0.0258821502
    832,    3.23455181,  2.78489340e-06,    0.0792078962,    0.0258821502
    833,    3.23843814,  2.67245173e-06,    0.0792078962,    0.0258821502
    834,    3.24232446,  2.56439300e-06,    0.0792078962,    0.0258821502
    835,    3.24621079,  2.46055364e-06,    0.0792078962,    0.0258821502
    836,    3.25009712,  2.36077585e-06,    0.0792078962,    0.0258821502
    837,    3.25398344,  2.26490741e-06,    0.0792078962,    0.0258821502
    838,    3.25786977,  2.17280152e-06,    0.0792078962,    0.0258821502
    839,    3.26175610,  2.08431659e-06,    0.0792078962,    0.0258821502
    840,    3.26564242,  1.99931607e-06,    0.0792078962,    0.0258821502
    841,    3.26952875,  1.91766831e-06,    0.0792078962,    0.0258821502
    842,    3.27341507,  1.83924637e-06,    0.0792078962,    0.0258821502
    843,    3.27730140,  1.76392788e-06,    0.0792078962,    0.0258821502
    844,    3.28118773,  1.69159487e-06,    0.0792078962,    0.0258821502
    845,    3.28507405,  1.62213364e-06,    0.0792078962,    0.0258821502
    846,    3.28896038,  1.55543460e-06,    0.0792078962,    0.0258821502
    847,    3.29284671,  1.49139214e-06,    0.0792078962,    0.0258821502
    848,    3.29673303,  1.42990448e-06,    0.0792078962,    0.0258821502
    849,    3.30061936,  1.37087359e-06,    0.0792078962,    0.0258821502
    850,    3.30450568,  1.31420497e-06,    0.0792078962,    0.0258821502
    851,    3.30839201,  1.25980763e-06,    0.0792078962,    0.0258821502
    852,    3.31227834,  1.20759389e-06,    0.0792078962,    0.0258821502
    853,    3.31616466,  1.15747932e-06,    0.0792078962,    0.0258821502
    854,    3.32005099,  1.10938259e-06,    0.0792078962,    0.0258821502
    855,    3.32393732,  1.06322538e-06,    0.0792078962,    0.0258821502
    856,    3.32782364,  1.01893229e-06,    0.0792078962,    0.0258821502
    857,    3.33170997,  9.76430693e-07,    0.0792078962,    0.0258821502
    858,    3.33559629,  9.35650689e-07,    0.0792078962,    0.0258821502
    859,    3.33948262,  8.96524976e-07,    0.0792078962,    0.0258821502
    860,    3.34336895,  8.58988771e-07,    0.0792078962,    0.0258821502
    861,    3.34725527,  8.22979719e-07,    0.0792078962,    0.0258821502
    862,    3.35114160,  7.88437807e-07,    0.0792078962,    0.0258821502
    863,    3.35502793,  7.55305279e-07,    0.0792078962,    0.0258821502
    864,    3.35891425,  7.23526561e-07,    0.0792078962,    0.0258821502
    865,    3.36280058,  6.93048176e-07,    0.0792078962,    0.0258821502
    866,    3.36668691,  6.63818674e-07,    0.0792078962,    0.0258821502
    867,    3.37057323,  6.35788558e-07,    0.0792078962,    0.0258821502
    868,    3.37445956,  6.08910214e-07,    0.0792078962,    0.0258821502
    869,    3.37834588,  5.83137842e-07,    0.0792078962,    0.0258821502
    870,    3.38223221,  5.58427389e-07,    0.0792078962,    0.0258821502
    871,    3.38611854,  5.34736491e-07,    0.0792078962,    0.0258821502
    872,    3.39000486,  5.12024406e-07,    0.0792078962,    0.0258821502
    873,    3.39389119,  4.90251957e-07,    0.0792078962,    0.0258821502
    874,    3.39777752,  4.69381477e-07,    0.0792078962,    0.0258821502
    875,    3.40166384,  4.49376750e-07,    0.0792078962,    0.0258821502
    876,    3.40555017,  4.30202958e-07,    0.0792078962,    0.0258821502
    877,    3.40943649,  4.11826634e-07,    0.0792078962,    0.0258821502
    878,    3.41332282,  3.94215608e-07,    0.0792078962,    0.0258821502
    879,    3.41720915,  3.77338959e-07,    0.0792078962,    0.0258821502
    880,    3.42109547,  3.61166970e-07,    0.0792078962,    0.0258821502
    881,    3.42498180,  3.45671085e-07,    0.0792078962,    0.0258821502
    882,    3.42886813,  3.30823861e-07,    0.0792078962,    0.0258821502
    883,    3.43275445,  3.16598932e-07,    0.0792078962,    0.0258821502
    884,    3.43664078,  3.02970965e-07,    0.0792078962,    0.0258821502
    885,    3.44052710,  2.89915621e-07,    0.0792078962,    0.0258821502
    886,    3.44441343,  2.77409521e-07,    0.0792078962,    0.0258821502
    887,    3.44829976,  2.65430206e-07,    0.0792078962,    0.0258821502
    888,    3.45218608,  2.53956106e-07,    0.0792078962,    0.0258821502
    889,    3.45607241,  2.42966503e-07,    0.0792078962,    0.0258821502
    890,    3.45995874,  2.32441501e-07,    0.0792078962,    0.0258821502
    891,    3.46384506,  2.22361993e-07,    0.0792078962,    0.0258821502
    892,    3.46773139,  2.12709633e-07,    0.0792078962,    0.0258821502
    893,    3.47161772,  2.03466804e-07,    0.0792078962,    0.0258821502
    894,    3.47550404,  1.94616596e-07,    0.0792078962,    0.0258821502
    895,    3.47939037,  1.86142769e-07,    0.0792078962,    0.0258821502
    896,    3.48327669,  1.78029739e-07,    0.0792078962,    0.0258821502
    897,    3.48716302,  1.70262544e-07,    0.0792078962,    0.0258821502
    898,    3.49104935,  1.62826822e-07,    0.0792078962,    0.0258821502
    899,    3.49493567,  1.55708792e-07,    0.0792078962,    0.0258821502
    900,    3.49882200,  1.48895226e-07,    0.0792078962,    0.0258821502
    901,    3.50270833,  1.42373430e-07,    0.0792078962,    0.0258821502
    902,    3.50659465,  1.36131225e-07,    0.0792078962,    0.0258821502
    903,    3.51048098,  1.30156923e-07,    0.0792078962,    0.0258821502
    904,    3.51436730,  1.24439311e-07,    0.0792078962,    0.0258821502
    905,    3.51825363,  1.18967631e-07,    0.0792078962,    0.0258821502
    906,    3.52213996,  1.13731563e-07,    0.0792078962,    0.0258821502
    907,    3.52602628,  1.08721208e-07,    0.0792078962,    0.0258821502
    908,    3.52991261,  1.03927069e-07,    0.0792078962,    0.0258821502
    909,    3.53379894,  9.93400398e-08,    0.0792078962,    0.0258821502
